#{"t_start": 1747651066.1677, "env_id": "None"}
r,l,t
116.038035,500,8.278678
59.731066,500,14.484997
-266.153554,500,20.743301
-552.106495,500,27.317301
